2018-08-11 06:05:49 +0100, 1533963949, 0
2018-08-11 06:06:47 +0100, 1533964007, 0
2018-08-14 22:03:32 +0100, 1534280612, 0
2018-08-16 20:30:39 +0100, 1534447839, 0
2018-08-17 08:57:48 +0100, 1534492668, 0
2018-08-17 09:19:22 +0100, 1534493962, 0
2018-08-17 09:23:48 +0100, 1534494228, 0
2018-08-17 09:27:08 +0100, 1534494428, 0
2018-08-17 10:05:33 +0100, 1534496733, 0
2018-08-17 10:19:52 +0100, 1534497592, 0
2018-08-17 11:13:17 +0100, 1534500797, 0
2018-08-19 15:48:39 +0100, 1534690119, 0
2018-08-21 10:29:56 +0100, 1534843796, 0
2018-08-21 10:54:36 +0100, 1534845276, 0
2018-08-21 11:24:46 +0100, 1534847086, 0
2018-08-21 13:12:24 +0100, 1534853544, 0
2018-08-21 13:17:19 +0100, 1534853839, 0
2018-08-24 06:44:04 +0100, 1535089444, 0
2018-08-26 14:12:08 +0100, 1535289128, 0
2018-08-28 10:51:29 +0100, 1535449889, 0
2018-08-29 10:08:13 +0100, 1535533693, 0
2018-08-29 14:44:44 +0100, 1535550284, 0
2018-08-30 06:24:44 +0100, 1535606684, 0
2018-09-03 07:52:01 +0100, 1535957521, 0
2018-09-03 16:26:46 +0100, 1535988406, 0
2018-09-04 10:43:54 +0100, 1536054234, 0
2018-09-06 15:00:45 +0100, 1536242445, 0
2018-09-06 18:28:54 +0100, 1536254934, 0
2018-09-06 18:49:48 +0100, 1536256188, 0
2018-08-19 15:48:39 +0100, 1534690119, 0
2018-08-21 10:29:56 +0100, 1534843796, 0
2018-08-21 10:54:36 +0100, 1534845276, 0
2018-08-21 11:24:46 +0100, 1534847086, 0
2018-08-21 13:12:24 +0100, 1534853544, 0
2018-08-24 06:44:04 +0100, 1535089444, 0
2018-08-26 14:12:08 +0100, 1535289128, 0
2018-08-28 10:51:29 +0100, 1535449889, 0
2018-08-29 10:08:13 +0100, 1535533693, 0
2018-08-29 14:44:44 +0100, 1535550284, 0
2018-08-30 06:24:44 +0100, 1535606684, 0
2018-09-03 07:52:01 +0100, 1535957521, 0
2018-09-03 16:26:46 +0100, 1535988406, 0
2018-09-04 10:43:54 +0100, 1536054234, 0
2018-09-06 15:00:45 +0100, 1536242445, 0
2018-09-06 18:28:54 +0100, 1536254934, 0
2018-09-06 18:49:48 +0100, 1536256188, 0
2018-09-07 08:06:09 +0100, 1536303969, 6
2018-09-07 08:08:12 +0100, 1536304092, 6
2018-09-07 09:31:18 +0100, 1536309078, 6
2018-09-07 09:43:41 +0100, 1536309821, 6
2018-09-07 09:51:01 +0100, 1536310261, 6
2018-09-07 09:52:31 +0100, 1536310351, 6
2018-09-07 09:52:35 +0100, 1536310355, 6
2018-09-07 09:53:03 +0100, 1536310383, 6
2018-09-07 09:53:14 +0100, 1536310394, 6
2018-09-07 09:54:13 +0100, 1536310453, 6
2018-09-07 10:00:56 +0100, 1536310856, 6
2018-09-07 19:49:51 +0100, 1536346191, 6
2018-09-07 19:50:53 +0100, 1536346253, 6
2018-09-07 19:52:06 +0100, 1536346326, 6
2018-09-07 19:54:57 +0100, 1536346497, 6
2018-09-07 19:55:37 +0100, 1536346537, 6
2018-09-10 09:35:17 +0100, 1536568517, 6
2018-09-10 10:05:36 +0100, 1536570336, 6
2018-09-11 09:16:29 +0100, 1536653789, 6
2018-09-13 08:23:09 +0100, 1536823389, 6
2018-09-13 12:50:16 +0100, 1536839416, 6
2018-09-13 13:26:12 +0100, 1536841572, 6
2018-09-15 06:01:28 +0100, 1536987688, 6
2018-09-16 06:37:56 +0100, 1537076276, 6
2018-09-16 06:47:50 +0100, 1537076870, 6
2018-09-16 10:18:24 +0100, 1537089504, 0
2018-09-17 08:08:15 +0100, 1537168095, 0
2018-09-18 09:26:24 +0100, 1537259184, 0
2018-09-19 08:38:54 +0100, 1537342734, 0
2018-09-19 10:19:07 +0100, 1537348747, 0
2018-09-19 15:14:28 +0100, 1537366468, 0
2018-09-19 15:34:36 +0100, 1537367676, 0
2018-09-19 18:37:14 +0100, 1537378634, 0
2018-09-24 08:58:00 +0100, 1537775880, 0
2018-09-25 09:03:45 +0100, 1537862625, 0
2018-09-25 14:55:31 +0100, 1537883731, 0
2018-09-26 08:03:49 +0100, 1537945429, 0
2018-09-27 08:19:32 +0100, 1538032772, 0
2018-10-02 07:53:54 +0100, 1538463234, 0
2018-10-04 10:14:23 +0100, 1538644463, 0
2018-10-05 08:46:48 +0100, 1538725608, 0
2018-10-08 05:45:57 +0100, 1538973957, 0
2018-10-08 05:50:28 +0100, 1538974228, 0
2018-10-09 09:21:40 +0100, 1539073300, 0
2018-10-10 12:23:17 +0100, 1539170597, 0
2018-10-11 09:51:13 +0100, 1539247873, 0
2018-10-12 06:44:02 +0100, 1539323042, 0
2018-10-16 12:18:46 +0100, 1539688726, 0
2018-10-16 12:19:31 +0100, 1539688771, 0
2018-10-16 15:22:58 +0100, 1539699778, 0
2018-10-16 16:10:11 +0100, 1539702611, 0
2018-10-16 19:37:56 +0100, 1539715076, 0
2018-10-17 10:50:39 +0100, 1539769839, 0
2018-10-17 10:51:43 +0100, 1539769903, 0
2018-10-17 16:47:10 +0100, 1539791230, 0
2018-10-18 10:33:30 +0100, 1539855210, 0
2018-10-19 09:34:40 +0100, 1539938080, 0
2018-10-23 09:52:58 +0100, 1540284778, 0
2018-10-23 13:24:31 +0100, 1540297471, 0
2018-10-23 14:26:33 +0100, 1540301193, 0
2018-10-23 15:19:44 +0100, 1540304384, 0
2018-10-24 08:16:54 +0100, 1540365414, 0
2018-10-29 08:43:31 +0000, 1540802611, 0
2018-11-01 09:31:51 +0000, 1541064711, 0
2018-11-01 15:54:29 +0000, 1541087669, 0
2018-11-01 16:01:07 +0000, 1541088067, 0
2018-11-01 16:18:35 +0000, 1541089115, 0
2018-11-01 16:49:42 +0000, 1541090982, 0
2018-11-02 10:45:45 +0000, 1541155545, 0
2018-11-02 10:46:20 +0000, 1541155580, 0
2018-11-02 11:27:25 +0000, 1541158045, 0
2018-11-02 19:10:08 +0000, 1541185808, 0
2018-11-02 19:13:09 +0000, 1541185989, 0
2018-11-04 07:09:48 +0000, 1541315388, 0
2018-11-04 07:11:34 +0000, 1541315494, 0
2018-11-05 11:56:28 +0000, 1541418988, 0
2018-11-05 16:54:38 +0000, 1541436878, 0
2018-11-06 08:15:28 +0000, 1541492128, 0
2018-11-06 15:16:13 +0000, 1541517373, 0
2018-11-06 16:34:56 +0000, 1541522096, 0
2018-11-07 04:14:39 +0000, 1541564079, 0
2018-11-07 08:03:51 +0000, 1541577831, 0
2018-11-07 16:54:51 +0000, 1541609691, 0
2018-11-08 08:06:06 +0000, 1541664366, 0
2018-11-08 13:39:23 +0000, 1541684363, 0
2018-11-08 16:57:53 +0000, 1541696273, 0
2018-11-08 16:58:11 +0000, 1541696291, 0
2018-11-09 08:07:10 +0000, 1541750830, 0
2018-11-10 05:45:04 +0000, 1541828704, 0
2018-11-12 09:00:51 +0000, 1542013251, 0
2018-11-12 09:02:17 +0000, 1542013337, 0
2018-11-12 12:08:14 +0000, 1542024494, 0
2018-11-13 08:40:33 +0000, 1542098433, 0
2018-11-13 15:03:14 +0000, 1542121394, 0
2018-11-15 08:59:23 +0000, 1542272363, 0
2018-11-15 12:21:08 +0000, 1542284468, 0
2018-11-16 11:08:20 +0000, 1542366500, 0
2018-11-19 13:49:24 +0000, 1542635364, 0
2018-11-20 17:52:28 +0000, 1542736348, 0
2018-11-21 17:03:20 +0000, 1542819800, 0
2018-11-21 17:04:19 +0000, 1542819859, 0
2018-11-21 17:13:43 +0000, 1542820423, 0
2018-11-22 07:55:55 +0000, 1542873355, 0
2018-11-22 08:20:22 +0000, 1542874822, 0
2018-11-23 12:39:35 +0000, 1542976775, 0
2018-11-23 12:47:09 +0000, 1542977229, 0
2018-11-23 13:46:42 +0000, 1542980802, 0
2018-11-26 09:21:18 +0000, 1543224078, 0
2018-11-26 09:53:13 +0000, 1543225993, 0
2018-11-26 09:54:20 +0000, 1543226060, 0
2018-11-26 09:54:56 +0000, 1543226096, 0
2018-11-26 10:06:40 +0000, 1543226800, 0
2018-11-26 10:53:32 +0000, 1543229612, 0
2018-11-26 11:02:21 +0000, 1543230141, 0
2018-11-26 12:13:24 +0000, 1543234404, 0
2018-11-27 10:55:45 +0000, 1543316145, 0
2018-11-28 07:30:39 +0000, 1543390239, 0
2018-11-28 14:55:26 +0000, 1543416926, 0
2018-11-30 08:17:45 +0000, 1543565865, 0
2018-11-30 08:22:37 +0000, 1543566157, 0
2018-11-30 08:29:49 +0000, 1543566589, 0
2018-11-30 08:33:59 +0000, 1543566839, 0
2018-11-30 08:33:59 +0000, 1543566839, 0
2018-11-30 08:34:26 +0000, 1543566866, 0
2018-12-03 09:09:34 +0000, 1543828174, 0
2018-12-04 07:29:13 +0000, 1543908553, 0
2018-12-05 05:04:18 +0000, 1543986258, 0
2018-12-05 09:43:30 +0000, 1544003010, 0
2018-12-11 11:26:43 +0000, 1544527603, 0
2018-12-14 09:07:51 +0000, 1544778471, 0
2018-12-14 11:01:32 +0000, 1544785292, 0
2018-12-20 13:44:27 +0000, 1545313467, 0
2018-12-23 05:54:25 +0000, 1545544465, 0
2018-12-26 07:41:57 +0000, 1545810117, 0
2018-12-26 07:42:35 +0000, 1545810155, 0
2018-12-28 06:59:30 +0000, 1545980370, 0
2018-12-30 09:38:35 +0000, 1546162715, 0
2018-12-31 05:46:25 +0000, 1546235185, 0
2019-01-07 16:46:12 +0000, 1546879572, 0
2019-01-09 16:03:55 +0000, 1547049835, 0
2019-01-14 09:51:35 +0000, 1547459495, 0
2019-01-15 10:15:30 +0000, 1547547330, 0
2019-01-16 13:17:36 +0000, 1547644656, 0
2019-01-17 05:26:57 +0000, 1547702817, 0
2019-01-17 05:28:34 +0000, 1547702914, 0
2019-01-20 08:08:21 +0000, 1547971701, 0
2019-01-21 06:06:21 +0000, 1548050781, 0
2019-01-23 08:16:53 +0000, 1548231413, 0
2019-01-24 15:42:16 +0000, 1548344536, 0
2019-01-24 16:53:20 +0000, 1548348800, 0
2019-01-28 08:29:33 +0000, 1548664173, 0
2019-01-28 11:10:45 +0000, 1548673845, 0
2019-01-28 15:37:59 +0000, 1548689879, 0
2019-01-30 12:05:57 +0000, 1548849957, 0
2019-01-31 14:57:50 +0000, 1548946670, 0
2019-02-05 15:25:42 +0000, 1549380342, 0
2019-02-05 15:31:36 +0000, 1549380696, 0
2019-02-06 11:40:30 +0000, 1549453230, 0
2019-02-06 12:01:02 +0000, 1549454462, 0
2019-02-13 11:09:31 +0000, 1550056171, 0
2019-02-18 10:45:46 +0000, 1550486746, 0
2019-02-18 16:55:55 +0000, 1550508955, 0
2019-02-19 12:44:47 +0000, 1550580287, 0
2019-02-20 11:18:28 +0000, 1550661508, 0
2019-02-25 10:17:54 +0000, 1551089874, 0
2019-02-26 11:00:35 +0000, 1551178835, 0
2019-02-27 11:07:51 +0000, 1551265671, 0
2019-02-28 10:49:09 +0000, 1551350949, 0
2019-02-28 15:13:56 +0000, 1551366836, 0
2019-03-04 08:33:04 +0000, 1551688384, 0
2019-03-04 08:36:04 +0000, 1551688564, 0
2019-03-07 10:23:20 +0000, 1551954200, 0
2019-03-11 07:37:07 +0000, 1552289827, 0
2019-03-11 15:14:33 +0000, 1552317273, 0
2019-03-12 13:22:03 +0000, 1552396923, 0
2019-03-14 12:44:47 +0000, 1552567487, 0
2019-03-15 08:16:17 +0000, 1552637777, 0
2019-03-18 11:14:08 +0000, 1552907648, 0
2019-03-19 10:51:55 +0000, 1552992715, 0
2019-03-20 16:19:37 +0000, 1553098777, 0
2019-03-20 16:45:20 +0000, 1553100320, 0
2019-03-20 17:00:08 +0000, 1553101208, 0
2019-03-20 17:20:00 +0000, 1553102400, 0
2019-03-20 17:37:30 +0000, 1553103450, 0
2019-03-21 09:43:11 +0000, 1553161391, 0
2019-03-21 09:50:00 +0000, 1553161800, 0
2019-03-21 10:10:01 +0000, 1553163001, 0
2019-03-21 10:20:03 +0000, 1553163603, 0
2019-03-21 10:30:05 +0000, 1553164205, 0
2019-03-21 10:40:01 +0000, 1553164801, 0
2019-03-21 11:29:13 +0000, 1553167753, 0
2019-03-21 11:30:00 +0000, 1553167800, 0
2019-03-21 12:32:05 +0000, 1553171525, 0
2019-03-21 12:32:49 +0000, 1553171569, 0
2019-03-23 06:20:01 +0000, 1553322001, 0
2019-03-23 06:30:00 +0000, 1553322600, 0
2019-03-23 06:40:00 +0000, 1553323200, 0
2019-03-26 08:30:00 +0000, 1553589000, 0
2019-03-26 08:40:01 +0000, 1553589601, 0
2019-03-28 12:48:49 +0000, 1553777329, 0
2019-03-28 12:50:00 +0000, 1553777400, 0
2019-03-28 13:00:00 +0000, 1553778000, 0
2019-03-28 13:10:00 +0000, 1553778600, 0
2019-03-28 13:20:00 +0000, 1553779200, 0
2019-03-28 13:40:00 +0000, 1553780400, 0
2019-03-28 13:50:00 +0000, 1553781000, 0
2019-03-28 14:40:01 +0000, 1553784001, 0
2019-03-28 14:50:08 +0000, 1553784608, 0
2019-03-28 15:30:01 +0000, 1553787001, 0
2019-03-28 15:40:02 +0000, 1553787602, 0
2019-03-28 15:50:03 +0000, 1553788203, 0
2019-03-28 16:00:02 +0000, 1553788802, 0
2019-04-01 08:44:02 +0100, 1554104642, 0
2019-04-01 08:50:00 +0100, 1554105000, 0
2019-04-01 09:00:00 +0100, 1554105600, 0
2019-04-01 09:50:00 +0100, 1554108600, 0
2019-04-01 10:00:01 +0100, 1554109201, 0
2019-04-01 10:10:01 +0100, 1554109801, 0
2019-04-01 10:30:02 +0100, 1554111002, 0
2019-04-01 10:40:01 +0100, 1554111601, 0
2019-04-01 11:20:01 +0100, 1554114001, 0
2019-04-01 14:20:02 +0100, 1554124802, 0
2019-04-01 14:30:00 +0100, 1554125400, 0
2019-04-01 14:50:03 +0100, 1554126603, 0
2019-04-01 15:00:00 +0100, 1554127200, 0
2019-04-01 15:10:00 +0100, 1554127800, 0
2019-04-01 15:20:01 +0100, 1554128401, 0
2019-04-02 14:10:02 +0100, 1554210602, 0
2019-04-02 14:20:01 +0100, 1554211201, 0
2019-04-02 16:00:01 +0100, 1554217201, 0
2019-04-02 16:20:01 +0100, 1554218401, 0
2019-04-02 16:30:01 +0100, 1554219001, 0
2019-04-02 16:40:01 +0100, 1554219601, 0
2019-04-02 17:20:01 +0100, 1554222001, 0
2019-04-02 17:30:05 +0100, 1554222605, 0
2019-04-03 10:10:00 +0100, 1554282600, 0
2019-04-03 10:20:00 +0100, 1554283200, 0
2019-04-03 10:38:21 +0100, 1554284301, 0
2019-04-03 10:40:00 +0100, 1554284400, 0
2019-04-03 10:50:01 +0100, 1554285001, 0
2019-04-03 11:00:04 +0100, 1554285604, 0
2019-04-03 11:10:01 +0100, 1554286201, 0
2019-04-03 15:00:00 +0100, 1554300000, 0
2019-04-03 15:10:00 +0100, 1554300600, 0
2019-04-03 15:20:00 +0100, 1554301200, 0
2019-04-03 15:30:00 +0100, 1554301800, 0
2019-04-03 16:50:00 +0100, 1554306600, 0
2019-04-13 11:20:05 +0100, 1555150805, 0
2019-04-13 11:30:02 +0100, 1555151402, 0
2019-04-14 11:30:00 +0100, 1555237800, 0
2019-04-14 11:40:01 +0100, 1555238401, 0
2019-04-14 11:50:01 +0100, 1555239001, 0
2019-04-14 11:50:16 +0100, 1555239016, 0
2019-04-14 14:20:01 +0100, 1555248001, 0
2019-04-14 14:30:00 +0100, 1555248600, 0
2019-04-14 14:40:01 +0100, 1555249201, 0
2019-04-14 14:50:05 +0100, 1555249805, 0
2019-04-14 14:54:13 +0100, 1555250053, 0
2019-04-14 15:00:01 +0100, 1555250401, 0
2019-04-14 15:10:00 +0100, 1555251000, 0
2019-04-14 15:20:01 +0100, 1555251601, 0
2019-04-15 09:00:00 +0100, 1555315200, 0
2019-04-15 09:10:00 +0100, 1555315800, 0
2019-04-15 09:20:00 +0100, 1555316400, 0
2019-04-15 09:30:00 +0100, 1555317000, 0
2019-04-15 09:40:00 +0100, 1555317600, 0
2019-04-15 09:50:00 +0100, 1555318200, 0
2019-04-15 10:10:00 +0100, 1555319400, 0
2019-04-15 10:20:00 +0100, 1555320000, 0
2019-04-15 10:40:00 +0100, 1555321200, 0
2019-04-15 10:50:00 +0100, 1555321800, 0
2019-04-15 11:30:02 +0100, 1555324202, 0
2019-04-15 11:40:01 +0100, 1555324801, 0
2019-04-15 12:10:01 +0100, 1555326601, 0
2019-04-15 12:20:01 +0100, 1555327201, 0
2019-04-15 13:40:00 +0100, 1555332000, 0
2019-04-15 13:50:00 +0100, 1555332600, 0
2019-04-15 15:00:01 +0100, 1555336801, 0
2019-04-15 15:10:00 +0100, 1555337400, 0
2019-04-15 15:20:00 +0100, 1555338000, 0
2019-04-15 15:30:00 +0100, 1555338600, 0
2019-04-15 15:40:00 +0100, 1555339200, 0
2019-04-15 15:50:01 +0100, 1555339801, 0
2019-04-15 16:00:01 +0100, 1555340401, 0
2019-04-15 16:02:06 +0100, 1555340526, 0
2019-04-15 16:10:00 +0100, 1555341000, 0
2019-04-15 16:20:00 +0100, 1555341600, 0
2019-04-15 17:40:02 +0100, 1555346402, 0
2019-04-15 17:50:02 +0100, 1555347002, 0
2019-04-16 09:47:42 +0100, 1555404462, 0
2019-04-16 09:50:00 +0100, 1555404600, 0
2019-04-16 10:00:06 +0100, 1555405206, 0
2019-04-16 10:10:03 +0100, 1555405803, 0
2019-04-16 10:20:00 +0100, 1555406400, 0
2019-04-16 10:50:01 +0100, 1555408201, 0
2019-04-16 11:00:06 +0100, 1555408806, 0
2019-04-16 11:20:00 +0100, 1555410000, 0
2019-04-16 11:30:09 +0100, 1555410609, 0
2019-04-16 12:00:05 +0100, 1555412405, 0
2019-04-16 12:10:01 +0100, 1555413001, 0
2019-04-16 12:20:07 +0100, 1555413607, 0
2019-04-16 12:30:10 +0100, 1555414210, 0
2019-04-16 12:40:03 +0100, 1555414803, 0
2019-04-16 12:50:00 +0100, 1555415400, 0
2019-04-16 13:00:00 +0100, 1555416000, 0
2019-04-16 13:10:01 +0100, 1555416601, 0
2019-04-16 13:20:08 +0100, 1555417208, 0
2019-04-16 13:30:04 +0100, 1555417804, 0
2019-04-16 13:40:02 +0100, 1555418402, 0
2019-04-16 13:52:56 +0100, 1555419176, 0
2019-04-16 14:00:00 +0100, 1555419600, 0
2019-04-16 17:20:05 +0100, 1555431605, 0
2019-04-16 17:30:07 +0100, 1555432207, 0
2019-04-16 17:40:02 +0100, 1555432802, 0
2019-04-16 17:50:02 +0100, 1555433402, 0
2019-04-16 18:00:00 +0100, 1555434000, 0
2019-04-16 19:30:01 +0100, 1555439401, 0
2019-04-16 19:40:01 +0100, 1555440001, 0
2019-04-16 21:00:06 +0100, 1555444806, 0
2019-04-17 09:50:00 +0100, 1555491000, 0
2019-04-17 13:50:00 +0100, 1555505400, 0
2019-04-17 16:10:01 +0100, 1555513801, 0
2019-04-17 16:20:00 +0100, 1555514400, 0
2019-04-17 17:20:01 +0100, 1555518001, 0
2019-04-17 17:30:01 +0100, 1555518601, 0
2019-04-17 17:40:02 +0100, 1555519202, 0
2019-04-17 17:50:01 +0100, 1555519801, 0
2019-04-17 20:20:01 +0100, 1555528801, 0
2019-04-17 20:30:00 +0100, 1555529400, 0
2019-04-18 07:00:04 +0100, 1555567204, 0
2019-04-18 07:10:00 +0100, 1555567800, 0
2019-04-18 07:20:01 +0100, 1555568401, 0
2019-04-18 07:30:03 +0100, 1555569003, 0
2019-04-18 10:00:01 +0100, 1555578001, 0
2019-04-18 10:20:00 +0100, 1555579200, 0
2019-04-18 10:30:00 +0100, 1555579800, 0
2019-04-18 10:40:03 +0100, 1555580403, 0
2019-04-18 11:00:00 +0100, 1555581600, 0
2019-04-23 10:06:04 +0100, 1556010364, 0
2019-04-23 10:10:00 +0100, 1556010600, 0
2019-04-23 10:53:25 +0100, 1556013205, 0
2019-04-24 12:20:01 +0100, 1556104801, 0
2019-04-24 12:30:00 +0100, 1556105400, 0
2019-04-24 16:20:01 +0100, 1556119201, 0
2019-04-24 16:30:00 +0100, 1556119800, 0
2019-04-24 16:50:03 +0100, 1556121003, 0
2019-04-24 17:00:03 +0100, 1556121603, 0
2019-04-24 17:10:01 +0100, 1556122201, 0
2019-04-24 17:20:00 +0100, 1556122800, 0
2019-04-25 09:40:01 +0100, 1556181601, 0
2019-04-25 09:43:32 +0100, 1556181812, 0
2019-04-25 09:50:01 +0100, 1556182201, 0
2019-04-25 16:20:05 +0100, 1556205605, 0
2019-04-25 16:30:16 +0100, 1556206216, 0
2019-04-25 16:40:03 +0100, 1556206803, 0
2019-04-25 17:00:00 +0100, 1556208000, 0
2019-04-25 17:10:00 +0100, 1556208600, 0
2019-04-29 09:10:00 +0100, 1556525400, 0
2019-04-29 09:20:00 +0100, 1556526000, 0
2019-04-29 09:30:00 +0100, 1556526600, 0
2019-04-29 09:40:01 +0100, 1556527201, 0
2019-04-29 09:50:00 +0100, 1556527800, 0
2019-04-29 10:00:00 +0100, 1556528400, 0
2019-04-29 10:10:01 +0100, 1556529001, 0
2019-04-29 16:50:00 +0100, 1556553000, 0
2019-04-29 17:00:00 +0100, 1556553600, 0
2019-04-29 17:10:03 +0100, 1556554203, 0
2019-04-30 10:30:00 +0100, 1556616600, 0
2019-04-30 11:30:01 +0100, 1556620201, 0
2019-04-30 11:40:00 +0100, 1556620800, 0
2019-04-30 11:50:01 +0100, 1556621401, 0
2019-04-30 12:00:00 +0100, 1556622000, 0
2019-05-01 09:50:02 +0100, 1556700602, 0
2019-05-01 10:00:00 +0100, 1556701200, 0
2019-05-01 10:10:00 +0100, 1556701800, 0
2019-05-01 13:00:00 +0100, 1556712000, 0
2019-05-01 13:04:16 +0100, 1556712256, 0
2019-05-02 07:29:23 +0100, 1556778563, 0
2019-05-02 11:43:21 +0100, 1556793801, 0
2019-05-02 15:40:01 +0100, 1556808001, 0
2019-05-02 15:50:01 +0100, 1556808601, 0
2019-05-02 16:00:02 +0100, 1556809202, 0
2019-05-02 16:10:05 +0100, 1556809805, 0
2019-05-07 13:30:01 +0100, 1557232201, 0
2019-05-07 13:40:01 +0100, 1557232801, 0
2019-05-07 14:00:01 +0100, 1557234001, 0
2019-05-07 14:10:00 +0100, 1557234600, 0
2019-05-07 14:20:04 +0100, 1557235204, 0
2019-05-07 14:40:04 +0100, 1557236404, 0
2019-05-07 14:50:02 +0100, 1557237002, 0
2019-05-07 15:10:01 +0100, 1557238201, 0
2019-05-07 15:20:01 +0100, 1557238801, 0
2019-05-07 15:50:00 +0100, 1557240600, 0
2019-05-07 16:00:00 +0100, 1557241200, 0
2019-05-08 10:10:00 +0100, 1557306600, 0
2019-05-08 10:16:22 +0100, 1557306982, 0
2019-05-08 10:30:01 +0100, 1557307801, 0
2019-05-08 10:40:01 +0100, 1557308401, 0
2019-05-08 10:50:02 +0100, 1557309002, 0
2019-05-08 11:00:02 +0100, 1557309602, 0
2019-05-08 12:00:01 +0100, 1557313201, 0
2019-05-08 12:10:01 +0100, 1557313801, 0
2019-05-08 12:20:08 +0100, 1557314408, 0
2019-05-08 12:30:01 +0100, 1557315001, 0
2019-05-08 12:40:02 +0100, 1557315602, 0
2019-05-08 13:10:01 +0100, 1557317401, 0
2019-05-08 13:30:02 +0100, 1557318602, 0
2019-05-08 13:40:03 +0100, 1557319203, 0
2019-05-08 13:50:02 +0100, 1557319802, 0
2019-05-08 14:20:01 +0100, 1557321601, 0
2019-05-08 14:30:00 +0100, 1557322200, 0
2019-05-08 14:40:00 +0100, 1557322800, 0
2019-05-08 14:50:01 +0100, 1557323401, 0
2019-05-08 15:00:02 +0100, 1557324002, 0
2019-05-08 15:10:00 +0100, 1557324600, 0
2019-05-08 15:50:02 +0100, 1557327002, 0
2019-05-08 16:00:01 +0100, 1557327601, 0
2019-05-08 16:16:19 +0100, 1557328579, 0
2019-05-08 16:20:01 +0100, 1557328801, 0
2019-05-09 10:40:03 +0100, 1557394803, 0
2019-05-09 10:50:01 +0100, 1557395401, 0
2019-05-09 10:57:40 +0100, 1557395860, 0
2019-05-09 11:10:01 +0100, 1557396601, 0
2019-05-09 11:20:00 +0100, 1557397200, 0
2019-05-09 11:30:00 +0100, 1557397800, 0
2019-05-09 11:40:00 +0100, 1557398400, 0
2019-05-09 11:50:00 +0100, 1557399000, 0
2019-05-09 12:00:00 +0100, 1557399600, 0
2019-05-09 12:10:00 +0100, 1557400200, 0
2019-05-09 12:20:01 +0100, 1557400801, 0
2019-05-09 12:50:00 +0100, 1557402600, 0
2019-05-09 13:28:05 +0100, 1557404885, 0
2019-05-09 13:40:02 +0100, 1557405602, 0
2019-05-09 13:50:02 +0100, 1557406202, 0
2019-05-09 14:00:00 +0100, 1557406800, 0
2019-05-09 14:10:01 +0100, 1557407401, 0
2019-05-09 14:50:00 +0100, 1557409800, 0
2019-05-09 15:00:02 +0100, 1557410402, 0
2019-05-09 15:50:01 +0100, 1557413401, 0
2019-05-09 16:20:03 +0100, 1557415203, 0
2019-05-09 16:30:02 +0100, 1557415802, 0
2019-05-09 16:40:02 +0100, 1557416402, 0
2019-05-09 17:00:01 +0100, 1557417601, 0
2019-05-09 17:10:01 +0100, 1557418201, 0
2019-05-09 17:20:01 +0100, 1557418801, 0
2019-05-11 16:10:02 +0100, 1557587402, 0
2019-05-12 10:00:02 +0100, 1557651602, 0
2019-05-12 10:10:01 +0100, 1557652201, 0
2019-05-12 10:20:01 +0100, 1557652801, 0
2019-05-12 10:30:01 +0100, 1557653401, 0
2019-05-12 10:40:00 +0100, 1557654000, 0
2019-05-12 10:50:02 +0100, 1557654602, 0
2019-05-12 11:00:02 +0100, 1557655202, 0
2019-05-13 08:11:02 +0100, 1557731462, 0
2019-05-13 08:20:00 +0100, 1557732000, 0
2019-05-13 08:30:18 +0100, 1557732618, 0
2019-05-13 08:40:02 +0100, 1557733202, 0
2019-05-13 08:50:07 +0100, 1557733807, 0
2019-05-13 09:00:02 +0100, 1557734402, 0
2019-05-13 09:30:02 +0100, 1557736202, 0
2019-05-13 10:00:00 +0100, 1557738000, 0
2019-05-13 11:00:01 +0100, 1557741601, 0
2019-05-13 11:20:01 +0100, 1557742801, 0
2019-05-13 17:00:00 +0100, 1557763200, 0
2019-05-13 17:10:00 +0100, 1557763800, 0
2019-05-13 17:20:01 +0100, 1557764401, 0
2019-05-14 12:20:02 +0100, 1557832802, 0
2019-05-14 12:30:01 +0100, 1557833401, 0
2019-05-16 10:10:00 +0100, 1557997800, 0
2019-05-16 10:20:02 +0100, 1557998402, 0
2019-05-16 10:30:01 +0100, 1557999001, 0
2019-05-16 10:40:00 +0100, 1557999600, 0
2019-05-16 11:00:00 +0100, 1558000800, 0
2019-05-16 11:10:00 +0100, 1558001400, 0
2019-05-16 11:30:01 +0100, 1558002601, 0
2019-05-16 11:40:01 +0100, 1558003201, 0
2019-05-16 11:50:01 +0100, 1558003801, 0
2019-05-16 12:00:00 +0100, 1558004400, 0
2019-05-16 12:30:00 +0100, 1558006200, 0
2019-05-16 13:40:00 +0100, 1558010400, 0
2019-05-16 17:10:00 +0100, 1558023000, 0
2019-05-16 17:20:00 +0100, 1558023600, 0
2019-05-16 18:00:02 +0100, 1558026002, 0
2019-05-16 18:10:02 +0100, 1558026602, 0
2019-05-16 19:30:02 +0100, 1558031402, 0
2019-05-20 08:00:00 +0100, 1558335600, 0
2019-05-20 08:09:33 +0100, 1558336173, 0
2019-05-20 08:10:00 +0100, 1558336200, 0
2019-05-20 08:20:01 +0100, 1558336801, 0
2019-05-20 08:30:00 +0100, 1558337400, 0
2019-05-20 08:40:00 +0100, 1558338000, 0
2019-05-20 08:50:00 +0100, 1558338600, 0
2019-05-20 09:00:00 +0100, 1558339200, 0
2019-05-20 09:10:00 +0100, 1558339800, 0
2019-05-20 09:30:01 +0100, 1558341001, 0
2019-05-20 09:40:00 +0100, 1558341600, 0
2019-05-20 10:30:01 +0100, 1558344601, 0
2019-05-20 10:40:01 +0100, 1558345201, 0
2019-05-20 10:50:02 +0100, 1558345802, 0
2019-05-20 11:00:02 +0100, 1558346402, 0
2019-05-20 11:30:01 +0100, 1558348201, 0
2019-05-20 12:20:01 +0100, 1558351201, 0
2019-05-21 10:30:00 +0100, 1558431000, 0
2019-05-21 10:50:00 +0100, 1558432200, 0
2019-05-21 11:00:00 +0100, 1558432800, 0
2019-05-21 15:10:00 +0100, 1558447800, 0
2019-05-21 15:20:00 +0100, 1558448400, 0
2019-05-21 15:30:00 +0100, 1558449000, 0
2019-05-21 15:40:00 +0100, 1558449600, 0
2019-05-21 15:50:00 +0100, 1558450200, 0
2019-05-21 16:00:00 +0100, 1558450800, 0
2019-05-21 16:10:00 +0100, 1558451400, 0
2019-05-21 16:30:00 +0100, 1558452600, 0
2019-05-21 16:50:00 +0100, 1558453800, 0
2019-05-21 19:40:01 +0100, 1558464001, 0
2019-05-21 20:50:00 +0100, 1558468200, 0
2019-05-21 22:40:01 +0100, 1558474801, 0
2019-05-21 22:50:00 +0100, 1558475400, 0
2019-05-21 23:10:00 +0100, 1558476600, 0
2019-05-21 23:30:00 +0100, 1558477800, 0
2019-05-21 23:40:01 +0100, 1558478401, 0
2019-05-22 10:00:00 +0100, 1558515600, 0
2019-05-22 16:40:00 +0100, 1558539600, 0
2019-05-22 16:50:00 +0100, 1558540200, 0
2019-05-23 10:50:00 +0100, 1558605000, 0
2019-05-23 11:10:01 +0100, 1558606201, 0
2019-05-23 13:40:00 +0100, 1558615200, 0
2019-05-23 15:00:00 +0100, 1558620000, 0
2019-05-23 15:40:00 +0100, 1558622400, 0
2019-05-27 08:50:01 +0100, 1558943401, 0
2019-05-27 10:40:00 +0100, 1558950000, 0
2019-05-27 11:10:01 +0100, 1558951801, 0
2019-05-27 11:20:01 +0100, 1558952401, 0
2019-05-27 11:30:02 +0100, 1558953002, 0
2019-05-27 11:50:01 +0100, 1558954201, 0
2019-05-27 12:00:01 +0100, 1558954801, 0
2019-05-27 12:10:00 +0100, 1558955400, 0
2019-05-27 12:20:00 +0100, 1558956000, 0
2019-05-27 12:30:00 +0100, 1558956600, 0
2019-05-27 12:40:00 +0100, 1558957200, 0
2019-05-27 14:00:00 +0100, 1558962000, 0
2019-05-27 14:10:00 +0100, 1558962600, 0
2019-05-27 14:20:00 +0100, 1558963200, 0
2019-05-27 14:30:00 +0100, 1558963800, 0
2019-05-27 18:00:00 +0100, 1558976400, 0
2019-05-27 18:10:00 +0100, 1558977000, 0
2019-05-27 18:20:00 +0100, 1558977600, 0
2019-05-27 18:30:01 +0100, 1558978201, 0
2019-05-27 21:40:00 +0100, 1558989600, 0
2019-05-28 06:50:00 +0100, 1559022600, 0
2019-05-28 07:00:01 +0100, 1559023201, 0
2019-05-28 07:20:00 +0100, 1559024400, 0
2019-05-28 07:30:02 +0100, 1559025002, 0
2019-05-28 07:40:02 +0100, 1559025602, 0
2019-05-28 10:00:05 +0100, 1559034005, 0
2019-05-28 10:10:00 +0100, 1559034600, 0
2019-05-28 10:20:08 +0100, 1559035208, 0
2019-05-28 10:50:03 +0100, 1559037003, 0
2019-05-28 11:00:03 +0100, 1559037603, 0
2019-05-28 11:10:01 +0100, 1559038201, 0
2019-05-28 11:20:05 +0100, 1559038805, 0
2019-05-28 11:30:00 +0100, 1559039400, 0
2019-05-28 11:40:00 +0100, 1559040000, 0
2019-05-28 11:50:00 +0100, 1559040600, 0
2019-05-28 11:52:17 +0100, 1559040737, 0
2019-05-28 11:52:42 +0100, 1559040762, 0
2019-05-28 15:28:35 +0100, 1559053715, 0
2019-05-29 11:38:33 +0100, 1559126313, 0
2019-05-29 12:31:56 +0100, 1559129516, 0
2019-06-02 15:12:25 +0100, 1559484745, 0
2019-06-04 10:14:31 +0100, 1559639671, 0
2019-06-04 10:18:53 +0100, 1559639933, 0
2019-06-04 14:53:52 +0100, 1559656432, 0
2019-06-04 15:28:46 +0100, 1559658526, 0
2019-06-04 15:33:51 +0100, 1559658831, 0
2019-06-04 15:50:55 +0100, 1559659855, 0
2019-06-04 16:06:38 +0100, 1559660798, 0
2019-06-04 16:24:23 +0100, 1559661863, 0
2019-06-04 17:11:22 +0100, 1559664682, 0
2019-06-04 17:25:06 +0100, 1559665506, 0
2019-06-04 17:25:20 +0100, 1559665520, 0
2019-06-06 11:10:03 +0100, 1559815803, 0
2019-06-06 11:54:59 +0100, 1559818499, 0
2019-06-10 07:56:49 +0100, 1560149809, 0
2019-06-10 10:05:49 +0100, 1560157549, 0
2019-06-10 14:48:08 +0100, 1560174488, 0
2019-06-12 12:38:21 +0100, 1560339501, 0
2019-06-13 11:17:52 +0100, 1560421072, 0
2019-06-13 11:18:46 +0100, 1560421126, 0
2019-06-19 10:49:51 +0100, 1560937791, 0
2019-06-20 17:18:49 +0100, 1561047529, 0
2019-06-20 20:45:55 +0100, 1561059955, 0
2019-06-24 09:37:07 +0100, 1561365427, 0
2019-06-26 09:20:40 +0100, 1561537240, 0
2019-06-26 14:28:28 +0100, 1561555708, 0
2019-06-27 09:37:57 +0100, 1561624677, 0
2019-06-26 14:59:34 +0100, 1561557574, 0
2019-06-27 09:38:33 +0100, 1561624713, 0
2019-06-27 11:08:19 +0100, 1561630099, 0
2019-07-09 06:52:34 +0100, 1562651554, 0
2019-07-09 06:55:32 +0100, 1562651732, 0
2019-07-11 07:12:52 +0100, 1562825572, 0
2019-07-22 10:17:30 +0100, 1563787050, 0
2019-07-22 10:51:17 +0100, 1563789077, 22
2019-07-22 12:35:10 +0100, 1563795310, 19
2019-07-24 15:00:34 +0100, 1563976834, 22
2019-07-30 13:41:02 +0100, 1564490462, 32
2019-07-31 09:45:49 +0100, 1564562749, 30
2019-07-31 13:27:00 +0100, 1564576020, 22
2019-08-20 09:35:00 +0100, 1566290100, 22
2019-08-01 14:45:14 +0100, 1564667114, 22
2019-08-05 06:11:30 +0100, 1564981890, 22
2019-08-14 15:45:48 +0100, 1565793948, 22
2019-08-14 15:51:51 +0100, 1565794311, 42
2019-08-19 08:18:56 +0100, 1566199136, 44
2019-08-19 11:12:58 +0100, 1566209578, 31
2019-08-20 09:26:18 +0100, 1566289578, 23
